1	Carte gastronomique dessinée à la main — Taizhou
2	Infographie de visualisation de données
3	Scène d'espace architectural
4	Éclaté du Temple du Ciel
5	Carte gourmande dessinée de Chengdu
6	Selfie en plongée — géante dans la ville
7	Carte aquarelle de Xi'an
8	Carte touristique du quartier de Myeongdong
9	Planche de référence — appartement des années 90
10	Affiche minimaliste d'un monument
11	Affiche de voyage — carte urbaine miniature
12	Maquette d'interaction d'interface
13	Mockup d'interface d'application
14	Identité visuelle de marque
15	Mise en page de couverture
16	Fiche de mascotte de marque
17	Visuel principal — Momotarō cyberpunk
18	Quatre pièces de mode à motif raffiné
19	Affiche de collaboration entre deux marques
20	Lettrage-icône fitness
21	Menu de restaurant chaoshan
22	Éclaté technique d'une marque de snacks
23	Grille de campagne — packaging quatre saisons
24	Campagne streetwear NOIR
25	Recueil — logo et système d'identité
26	Planche de points de contact — marque matcha
27	Infographie BD — la personnalité d'une marque
28	Publicité produit enveloppée par la marque
29	Icône d'application 3D miroir disco
30	Affiche concept — bubble tea
31	Affiche éditoriale en strates
32	Six variations de logo sculpté dans l'eau
33	Icône d'application skeuomorphe — Bichon Shop
34	Rendu produit — tuyau industriel
35	Scène d'usage composite
36	Fiche de personnage
37	Création illustrée
38	Planche d'illustration
39	Book photo de personnage
40	Page web de présentation d'un personnage anime
41	Carte officielle de personnage
42	Jeune garçon solaire — style Pixar
43	Talons hauts — contraste rouge et bleu
44	Planche 4×4 de décomposition du mouvement
45	Scrapbook — portrait et mini-double
46	Feuille de personnage kawaii
47	Figurine 3D de collection
48	Collage — costumes traditionnels de dix pays
49	Fiche de personnage danseur de rue
50	Collage éditorial — huit tenues du quotidien
51	Scrapbook — signes de terre
52	Feuille de personnage — hacker cyberpunk
53	Planche concept de jeu — ROGUE VIPER
54	Page de carnet de croquis de fan
55	Roi de pique récursif
56	Poupée au crochet — tons chauds
57	Feuille de personnage brutaliste
58	Portrait dessiné — livre pour enfants
59	Chibi sur décor de Noël réel
60	Personnage griffonné sur photo réelle
61	Illustration mode griffonnée
62	Lookbook — douze coiffures, un même visage
63	Planche encyclopédique
64	Infographie de graphe relationnel
65	Planche anatomique steampunk — Sagittaire
66	Infographie fitness en chinois
67	L'entraînement d'un grand modèle, expliqué
68	Graphe de connaissances — Jin Ping Mei
69	Graphe de connaissances scientifiques
70	Encyclopédie modulaire illustrée
71	Planche explicative — porcelaine de Jingdezhen
72	Éclaté de niveau muséal, en chinois
73	Vue éclatée — lunettes connectées
74	Le RAG expliqué en un schéma
75	Fiche de révision — calcul différentiel
76	Rapport comparatif — rouges à lèvres
77	Analyse de coiffures longues
78	Vue éclatée d'un téléphone
79	Colorimétrie personnelle de luxe
80	Frise des trois philosophes grecs
81	Infographie d'échelle — le coronavirus
82	Infographie — système neuro-IA hybride
83	Vue éclatée d'un taco
84	Infographie — ingénierie du métro
85	Carte 2×2 d'un événement historique
86	Affiche light-painting — trajectoire d'un danseur
87	Fiche produit — bas noirs
88	Album de vulgarisation guidé
89	Infographie — bus électrique
90	Carte d'apprentissage du vocabulaire
91	Mise en page d'affiche thématique
92	Ordonnance manuscrite
93	Ordonnance hospitalière réaliste
94	Reproduction d'un manuscrit de maître
95	Calligraphie — Préface du Pavillon des Orchidées
96	Notes au stylo bille sur un bureau
97	Journal étudiant consacré à l'intelligence artificielle
98	Page de manuel scolaire
99	Système visuel — brochure d'entreprise
100	Carte souvenir en médias mixtes
101	Scène historique de style ancien
102	Fil social — l'incident de la Porte Xuanwu
103	Gongbi — dame Tang promenant un cheval rose
104	Fil social — le premier jour d'exil de Su Shi
105	Fil social — Du Fu et sa chaumière emportée
106	Selfie posté par Wu Zetian
107	Le relais de poste impérial
108	Rouleau gongbi — les Huit Immortels
109	Rouleau — portraits d'empereurs Ming
110	Page de microblog de Zhu Yuanzhang
111	Fil social cyber d'un lettré Song
112	Publication de Yi Seong-gye à Wihwa
113	Page de microblog — intronisation Ming
114	Illustration du poème « Chant bref »
115	Rouleau — « Souvenir de la Falaise Rouge »
116	Affiche encyclopédique — mythologie orientale
117	Image de style photographique
118	Storyboard narratif en bande dessinée
119	Illustration animée
120	Présentation produit e-commerce
121	Image de style pictural
122	Guanyin aux mille bras en employée de bureau
123	Calligraphie cursive — « le vent se lève »
124	La Joconde buvant un soda
125	Shanghai au trait noir et blanc
126	Mandala cyberpunk
127	Croquis minimaliste sur fond blanc
128	Coureur sortant de la case de bande dessinée
129	Broderie en relief — oiseau sur branche
130	Campagne surréaliste — la sur-réflexion
131	Chien redessiné au trait coloré
132	Photo redessinée en papier découpé
133	Redessin volontairement maladroit
134	Sujet redessiné en anime exagéré
135	Buste griffonné à la japonaise
136	Illustration mode au crayon
137	Aquarelle de voyage — ville coréenne
138	Couple en papier découpé
139	Illustration — salon de coiffure
140	Carte postale à l'encre
141	Portrait masculin low-poly en papier
142	Illustration jeunesse minimaliste — conte de fées
143	Illustration mode — automne parisien
144	Collage papier — voyage en famille
145	Portrait anime — kimono et ornement floral
146	Miniature — le latte du matin
147	Redessin en collage de magazine
148	Rue de Paris — style livre d'images
149	Double 3D sur fond crayonné
150	Portrait retouché au griffonnage
151	Carnet de voyage rehaussé d'une seule couleur
152	Portrait moderne à bords nets
153	Visuel de t-shirt — astronaute lunaire
154	Aquarelle — parc de Manhattan
155	Portrait champêtre en papier découpé
156	Affiche éditoriale — cité future onirique
157	Cas d'usage de génération d'image
158	Collection de cartes — douze chevaliers d'or
159	Robe bleu glacier constellée d'étoiles
160	Dragon griffonné sur une copie d'examen
161	Accroche écrite du point de vue du contradicteur
162	Générateur de storyboard animé
163	Musée pixel — l'évolution de l'art occidental
164	Graphe des personnages clés
165	Marque-page gongbi
166	Sceau gravé personnalisé
167	Le Petit Prince et le vaisseau — collaboration
168	Éphéméride — pluie de printemps
169	Pancartes créatives — fête du travail
170	Papier découpé — quartier de Zhujiang la nuit
171	Carte holographique — poète ancien
172	Almanach traditionnel — une date précise
173	Recette manuscrite en double page de magazine
174	Neuf claviers mécaniques d'auteur
175	Portrait composé de feuilles
176	Logo formé par de la limaille de fer
177	Menu de restaurant indien retravaillé
178	Collection inspirée d'une marque de bière
179	Grille — vêtements ancrés dans quatre cultures
180	Création photoréaliste
181	Scène narrative cinématographique
182	Portrait photoréaliste
183	Conception de logo
184	Rendu d'espace intérieur
185	Portrait au marché de nuit
186	Portrait minimaliste à la coréenne
187	Fusion — hyperréalisme et lavis
188	Poupée de porcelaine en contre-plongée
189	Selfie de plage en plongée
190	Personnage anime très détaillé
191	Regard en arrière dans une pièce sombre
192	Planche 3×3 — portrait d'idole coréenne
193	Portrait argentique près d'une fenêtre
194	Flash argentique sur un terrain de sport
195	Lancement produit vu de loin
196	Portrait dans une auberge thermale japonaise
197	Silhouette solitaire dans un dégradé orangé
198	Portrait glamour en bord de mer
199	Selfie dans une chambre chaleureuse
200	Texte classique écrit au tableau noir
201	Portrait néon dans une supérette de nuit
202	Triptyque — champ de lavande à l'aube
203	Éditorial mode — coucher de soleil urbain
204	Mannequin masculin, bouteille à la main
205	Triptyque de campagne sportswear
206	Portrait fisheye dans un café rétro
207	Photo de café rehaussée de griffonnages
208	Éclaboussure de matcha — photo de rue
209	Portrait en terrasse sous les cerisiers
210	Triptyque vertical — champ fleuri de printemps
211	Instantané du quotidien
212	Portrait Y2K à l'heure dorée
213	Portrait dans une cage d'escalier
214	Carnet d'étude — cozy academia
215	Campagne mode — boutons colorés
216	Photographie d'intérieur au matin
217	Portrait d'été en contre-plongée sur piste
218	Portrait au visage masqué par un écran
219	Affiche collage — portrait mode noir et blanc
220	Portrait de couple au café
221	Collage mode en neuf vignettes
222	Capture de retransmission de course automobile
223	Portrait en sweat rose — supérette coréenne
224	Portrait argentique dans les rues de Tokyo
225	Portrait vu sur l'écran d'un appareil photo
226	Photographie à la bougie
227	Portrait mode — plage au coucher du soleil
228	Portrait de dos à contre-jour
229	Photo de rue — chats au marché aux poissons
230	Page publicitaire — maillots de bain
231	Selfie néon dans une exposition
232	Quai de métro shanghaien au petit matin
233	Campagne surréaliste — se regarder soi-même
234	Portrait de rue — oiseaux en ville
235	Portrait sur un terrain en toiture
236	Portrait mode en double exposition
237	Selfie miroir Y2K en hauteur
238	Haute couture noire en suite d'hôtel
239	Portrait en pied dans une boutique
240	Portrait féérique à la couronne de fleurs
241	Portrait cinématographique — main tendue
242	Portrait éclairé par un téléphone
243	Chat et lumière filtrée, vue de dessus
244	Course en studio — vêtement griffonné
245	Portrait d'été dans un champ venteux
246	Portrait masculin sur fond bordeaux
247	Portrait de voyage — ballons sur une crête
248	Regard en arrière sous les cerisiers
249	Affiche de film — football
250	Rendu d'espace architectural
251	Affiche absurde — travestissement
252	Publicité produit revue par la mode
253	Affiche de film de science-fiction
254	Affiche dorée — la tour de Canton
255	Affiche zen — montagnes à l'encre
256	Affiche publicitaire parfaitement assortie
257	Rouleau à l'encre — oiseaux de verre
258	Affiche guochao minimaliste — tour de Canton
259	Grille 3×3 — guide du sommeil apaisant
260	Carton d'invitation guochao — ligue de football
261	Affiche — le terme solaire Guyu
262	Affiche argentique — vers les monts et la mer
263	Affiche de film en montage stratifié
264	Soie rouge se muant en paysage urbain
265	Affiche de voyage rétro — côte amalfitaine
266	Paysage à l'encre dans une fissure
267	Affiche de jeu rétro 16 bits
268	Prospectus onirique — salle de jeux
269	Affiche printanière — Boston
270	Paysage néo-chinois bleu fluorescent
271	Soie rouge dansant sur Canton
272	Affiche — éclaboussure de soda sous néons
273	Double exposition — jeune et cité future
274	Affiche épique — glace et feu dos à dos
275	Affiche produit — boisson au thé
276	Affiche de vulgarisation façon Apple
277	Couverture de magazine haute couture
278	Affiche papier déchiré — Nouvelle Vague
279	Affiche d'analyse — styles de barbe
280	Affiche griffonnée — statistiques d'un joueur
281	Campagne force — marque de fitness
282	Affiche sombre — le Hégémon de Chu
283	Affiche typographique conceptuelle
284	Affiche — double exposition à l'encre
285	Affiche parfum de luxe — VELORA
286	Publicité magazine rétro des années 1980
287	Campagne — complément d'hydratation
288	Planche encyclopédique rétro — les dragons
289	Collage d'affiches — se perdre dans un pays
290	Campagne urbaine — manette géante
291	Publicité rétro — herbe à chat
292	Affiche de voyage — ville médiévale
293	Affiche de voyage typographique
294	Affiche rétro — la Grande Barrière de corail
295	Campagne masculine — échiquier en contre-plongée
296	Affiche aquarelle — Kaohsiung
297	Série minimaliste — quatre villes
298	Affiche scrapbook — printemps coréen
299	Portrait noir et blanc griffonné de néons
300	Affiche médias mixtes — titre de champion
301	Affiche aquarelle monochrome
302	Affiche 3D néon de designer
303	Affiche portrait — barrettes
304	Affiche typographique — nom de ville
305	Affiche rétro — Guadalajara
306	Affiche en quatre styles — bleu et blanc, Dunhuang
307	Affiche — faisceaux laser sur fond noir
308	Affiche en relief — billet de voyage pour Rio
309	Affiche de voyage encadrée de cristal
310	Affiche éditoriale — portrait sous lumière rouge
311	Affiche carnet de terrain — tampons gravés
312	Affiche — portrait de duo dessiné brut
313	Affiche typographique — profil noir et blanc
314	Fiche produit pour place de marché
315	Présentation e-commerce — robe d'été
316	Présentation — machine à café automatique
317	Visuel produit e-commerce
318	Fiche produit — protéine en poudre
319	Publicité — soda aux agrumes
320	Publicité — produit de beauté
321	Quadriptyque publicitaire japonais
322	Fiche produit — robot de science-fiction
323	Éditorial beauté grand-angle sur fond rouge
324	Éditorial mode minimaliste corail
325	Rose et oud en lévitation
326	Publicité — boisson énergisante à la fraise
327	Planche de lancement — figurine de collection
328	Planche de recherche — fauteuil froissé
329	Visuel hero — viandes et fruits de mer
330	Publicité néon — sucettes
331	Affiche — ville miniature en bijoux
332	Affiche — tente géante WILDCAMP
333	Planche technique — montre mécanique
334	Affiche — chips et voyage
335	Campagne — sabot géant
336	Packaging rétro — gommes miniatures
337	Présentoir découpé pour commerce de proximité
338	Structure d'emballage en forme de pingouin
339	Collage catalogue mode
340	Fisheye dans un verre — boisson glacée
341	Visuel e-commerce — parfum menthe et rose
342	Grille de six — boisson citronnée miniature
343	Pin's émaillé souvenir de voyage
344	Comédie scolaire japonaise des années 2000
345	Timidité sous les cerisiers
346	Pilote de mecha dans une cité engloutie
347	Dialogue avec une carpe-nébuleuse
348	Dans la gueule d'un spinosaure
349	Défilé haute couture tissé d'oiseaux
350	Trench rouge dans un bus rétro
351	Fauconnier de cendre et oiseau de feu
352	Femme en rouge parmi les lycoris
353	Monde miniature en feutre
354	Une ville miniature dans une chevelure
355	Deux elfes dans un village médiéval
356	Chevalier-mage contre golem de pierre
357	Storyboard — danse contemporaine
358	Storyboard — la fabrication d'un croissant
359	Storyboard — survie hivernale
360	Combat aérien 1942 — style borne d'arcade
361	Table vue de dessus pour les réseaux
362	Couverture storyboard — dermocosmétique
363	Miniature vidéo en treize cases — Tokyo
364	Affiche concept — archives souterraines
365	Capture d'interface sociale
366	Détournement d'une marque de condiment
367	Interface de diffusion en direct
368	Capture d'interface de jeu
369	Interface — miniature de vidéo
370	Li Bai en direct sous la lune
371	Direct depuis l'espace — audience record
372	Interface sombre de tableau de bord
373	Site minimaliste sombre — avatars
374	Duel de personnalités dans un jeu en ligne
375	Direct lingerie très suivi
376	Jaquette de jeu — figure littéraire chinoise
377	Les Trois Royaumes en monde armé
378	Capture de jeu en monde ouvert historique
379	Capture de direct sur plateforme vidéo
380	Direct — actrice en conversation
381	Système d'interface sur mesure
382	Remerciement pour un don en direct
383	Direct fitness — tenue de yoga
384	Animatrice de direct
385	Vente en direct en costume traditionnel
386	Capture de direct — annonce personnelle
387	La vérité derrière une vie en apparence parfaite
388	Interface sombre — générateur de vidéo
389	Capture vidéo — refuser la pression familiale
390	Capture mobile — anime apaisant
391	Instantané d'anime réaliste
392	Page de profil d'un personnage de jeu
393	Interface de salon de direct
394	Capture d'écran de direct
395	Direct au clair de lune
396	Génération de capture de fil social
397	Design de page personnelle
398	Interface d'accueil de plateforme de streaming
399	Affiche — signatures en plusieurs styles
400	Carte de profil 3D
401	Personnage 3D sortant de l'écran
402	Publicité — sortie d'écran sur réseau social
403	Rapport d'analyse esthétique du visage
404	Écran d'appel vidéo photographié
405	Surfer sur l'actualité — reprise d'un film
406	Publicité — boisson énergisante
407	Film de marque — enseigne minimaliste
408	Défilé de tenues en transitions rythmées
409	Télé-achat en direct — crème de soin
410	Affiche animée
411	Reprise d'une publicité — drone
412	Court métrage — rivalité familiale
413	Court métrage animé — arts martiaux
